{"cameraMode":{"drawMode":0,"name":"Shaded","section":"Shading Mode"},"sceneLighting":false,"audioPlay":false,"sceneViewState":{"showFog":true,"showMaterialUpdate":false,"showSkybox":true,"showFlares":true,"showImageEffects":true,"showParticleSystems":true},"in2DMode":false,"pivot":{"x":-0.1856691986322403,"y":0.027341485023498536,"z":-0.14943599700927735},"rotation":{"x":-0.24382734298706056,"y":0.004943457897752523,"z":-0.0012428523041307927,"w":-0.9698053002357483},"size":4.168344020843506,"orthographic":false}