{"cameraMode":{"drawMode":0,"name":"Shaded","section":"Shading Mode"},"sceneLighting":true,"audioPlay":false,"sceneViewState":{"showFog":true,"showMaterialUpdate":false,"showSkybox":true,"showFlares":true,"showImageEffects":true,"showParticleSystems":true},"in2DMode":false,"pivot":{"x":1076.1903076171875,"y":617.3034057617188,"z":1365.1844482421875},"rotation":{"x":-0.22324155271053315,"y":-0.03888394311070442,"z":0.008912810124456883,"w":-0.9739465713500977},"size":11.447649955749512,"orthographic":false}